<?xml version="1.0" encoding="UTF-8"?>
<deploy xmlns="http://www.apache.org/ode/schemas/dd/2007/03" xmlns:MatServ24="http://www.example.org/MatServ24/" xmlns:MatServ25="http://www.example.org/MatServ25/" xmlns:MatServ26="http://www.example.org/MatServ26/" xmlns:MatServ27="http://www.example.org/MatServ27/" xmlns:MatServ33="http://www.example.org/MatServ33/" xmlns:matrix.bpelprocess="http://matrix.bpelprocess">
  <process name="matrix.bpelprocess:WF_Process">
    <active>true</active>
    <retired>false</retired>
    <process-events generate="all"/>
    <provide partnerLink="client">
      <service name="matrix.bpelprocess:WF_ProcessService" port="WF_ProcessPort"/>
    </provide>
    <provide partnerLink="mult1_PL">
      <service name="matrix.bpelprocess:WF_ProcessService" port="WF_ProcessPort"/>
    </provide>
    <provide partnerLink="mult2_PL">
      <service name="matrix.bpelprocess:WF_ProcessService" port="WF_ProcessPort"/>
    </provide>
    <provide partnerLink="add_PL">
      <service name="matrix.bpelprocess:WF_ProcessService" port="WF_ProcessPort"/>
    </provide>
    <provide partnerLink="mult3_PL">
      <service name="matrix.bpelprocess:WF_ProcessService" port="WF_ProcessPort"/>
    </provide>
    <provide partnerLink="mult4_PL">
      <service name="matrix.bpelprocess:WF_ProcessService" port="WF_ProcessPort"/>
    </provide>
    <provide partnerLink="copy1_PL">
      <service name="matrix.bpelprocess:WF_ProcessService" port="WF_ProcessPort"/>
    </provide>
    <invoke partnerLink="A1B1_PL">
      <service name="MatServ24:MatServ" port="MatServSOAP24"/>
    </invoke>
    <invoke partnerLink="A2B2_PL">
      <service name="MatServ25:MatServ" port="MatServSOAP25"/>
    </invoke>
    <invoke partnerLink="Add_PL">
      <service name="MatServ27:MatServ" port="MatServSOAP27"/>
    </invoke>
    <invoke partnerLink="A1B2_PL">
      <service name="MatServ26:MatServ" port="MatServSOAP26"/>
    </invoke>
    <invoke partnerLink="A2B1_PL">
      <service name="MatServ33:MatServ" port="MatServSOAP33"/>
    </invoke>
  </process>
</deploy>